stop_id,route,direction,vehicle_num,bus_type,Expected Time of Arrival(ETA),timestamp,server_time
343,218H,HAYAT NAGAR,AP11Z7137,METRO DELUX,04:46:48,1.44676E+12,06-11-2015 04:11
345,218H,HAYAT NAGAR,AP11Z7137,METRO DELUX,04:48:48,1.44676E+12,06-11-2015 04:11
501,218H,HAYAT NAGAR,AP11Z7137,METRO DELUX,04:50:48,1.44676E+12,06-11-2015 04:11
877,218H,HAYAT NAGAR,AP11Z7137,METRO DELUX,04:31:28,1.44676E+12,06-11-2015 04:11
1056,218H,HAYAT NAGAR,AP11Z7137,METRO DELUX,04:33:28,1.44676E+12,06-11-2015 04:11
873,218H,HAYAT NAGAR,AP11Z7137,METRO DELUX,04:23:28,1.44676E+12,06-11-2015 04:11
874,218H,HAYAT NAGAR,AP11Z7137,METRO DELUX,04:25:28,1.44676E+12,06-11-2015 04:11
875,218H,HAYAT NAGAR,AP11Z7137,METRO DELUX,04:27:28,1.44676E+12,06-11-2015 04:11
876,218H,HAYAT NAGAR,AP11Z7137,METRO DELUX,04:29:28,1.44676E+12,06-11-2015 04:11
878,218H,HAYAT NAGAR,AP11Z7137,METRO DELUX,04:35:28,1.44676E+12,06-11-2015 04:11
879,218H,HAYAT NAGAR,AP11Z7137,METRO DELUX,04:37:28,1.44676E+12,06-11-2015 04:11
880,218H,HAYAT NAGAR,AP11Z7137,METRO DELUX,04:39:28,1.44676E+12,06-11-2015 04:11
882,218H,HAYAT NAGAR,AP11Z7137,METRO DELUX,04:43:28,1.44676E+12,06-11-2015 04:11
881,218H,HAYAT NAGAR,AP11Z7137,METRO DELUX,04:41:28,1.44676E+12,06-11-2015 04:11
843,218H,HAYAT NAGAR,AP11Z7137,METRO DELUX,04:17:13,1.44676E+12,06-11-2015 04:11
844,218H,HAYAT NAGAR,AP11Z7137,METRO DELUX,04:19:48,1.44676E+12,06-11-2015 04:11
841,218H,HAYAT NAGAR,AP11Z7137,METRO DELUX,04:16:48,1.44676E+12,06-11-2015 04:11
862,218H,HAYAT NAGAR,AP11Z7137,METRO DELUX,04:14:34,1.44676E+12,06-11-2015 04:11
842,218H,HAYAT NAGAR,AP11Z7137,METRO DELUX,04:15:49,1.44676E+12,06-11-2015 04:11
2447,218H,HAYAT NAGAR,AP11Z7137,METRO DELUX,04:12:44,1.44676E+12,06-11-2015 04:11
343,218H,HAYAT NAGAR,AP11Z7137,METRO DELUX,04:45:28,1.44676E+12,06-11-2015 04:11
345,218H,HAYAT NAGAR,AP11Z7137,METRO DELUX,04:47:28,1.44676E+12,06-11-2015 04:11
501,218H,HAYAT NAGAR,AP11Z7137,METRO DELUX,04:49:28,1.44676E+12,06-11-2015 04:11
346,218H,HAYAT NAGAR,AP11Z7137,METRO DELUX,04:51:28,1.44676E+12,06-11-2015 04:11
1056,218H,HAYAT NAGAR,AP11Z7137,METRO DELUX,04:33:48,1.44676E+12,06-11-2015 04:11
877,218H,HAYAT NAGAR,AP11Z7137,METRO DELUX,04:31:48,1.44676E+12,06-11-2015 04:11
873,218H,HAYAT NAGAR,AP11Z7137,METRO DELUX,04:23:48,1.44676E+12,06-11-2015 04:12
874,218H,HAYAT NAGAR,AP11Z7137,METRO DELUX,04:25:48,1.44676E+12,06-11-2015 04:12
875,218H,HAYAT NAGAR,AP11Z7137,METRO DELUX,04:27:48,1.44676E+12,06-11-2015 04:12
876,218H,HAYAT NAGAR,AP11Z7137,METRO DELUX,04:29:48,1.44676E+12,06-11-2015 04:12
878,218H,HAYAT NAGAR,AP11Z7137,METRO DELUX,04:35:48,1.44676E+12,06-11-2015 04:12
879,218H,HAYAT NAGAR,AP11Z7137,METRO DELUX,04:37:48,1.44676E+12,06-11-2015 04:12
880,218H,HAYAT NAGAR,AP11Z7137,METRO DELUX,04:39:48,1.44676E+12,06-11-2015 04:12
881,218H,HAYAT NAGAR,AP11Z7137,METRO DELUX,04:41:48,1.44676E+12,06-11-2015 04:12
882,218H,HAYAT NAGAR,AP11Z7137,METRO DELUX,04:43:48,1.44676E+12,06-11-2015 04:12
844,218H,HAYAT NAGAR,AP11Z7137,METRO DELUX,04:20:08,1.44676E+12,06-11-2015 04:12
843,218H,HAYAT NAGAR,AP11Z7137,METRO DELUX,04:17:33,1.44676E+12,06-11-2015 04:12
862,218H,HAYAT NAGAR,AP11Z7137,METRO DELUX,04:14:54,1.44676E+12,06-11-2015 04:12
842,218H,HAYAT NAGAR,AP11Z7137,METRO DELUX,04:16:09,1.44676E+12,06-11-2015 04:12
841,218H,HAYAT NAGAR,AP11Z7137,METRO DELUX,04:17:08,1.44676E+12,06-11-2015 04:12
2447,218H,HAYAT NAGAR,AP11Z7137,METRO DELUX,04:13:04,1.44676E+12,06-11-2015 04:12
343,218H,HAYAT NAGAR,AP11Z7137,METRO DELUX,04:45:58,1.44676E+12,06-11-2015 04:12
345,218H,HAYAT NAGAR,AP11Z7137,METRO DELUX,04:47:58,1.44676E+12,06-11-2015 04:12
501,218H,HAYAT NAGAR,AP11Z7137,METRO DELUX,04:49:58,1.44676E+12,06-11-2015 04:12
346,218H,HAYAT NAGAR,AP11Z7137,METRO DELUX,04:51:58,1.44676E+12,06-11-2015 04:12
877,218H,HAYAT NAGAR,AP11Z7137,METRO DELUX,04:31:58,1.44676E+12,06-11-2015 04:12
1056,218H,HAYAT NAGAR,AP11Z7137,METRO DELUX,04:33:58,1.44676E+12,06-11-2015 04:12
343,218H,HAYAT NAGAR,AP11Z7137,METRO DELUX,04:45:58,1.44676E+12,06-11-2015 04:12
346,218H,HAYAT NAGAR,AP11Z7137,METRO DELUX,04:51:58,1.44676E+12,06-11-2015 04:12
345,218H,HAYAT NAGAR,AP11Z7137,METRO DELUX,04:47:58,1.44676E+12,06-11-2015 04:12
501,218H,HAYAT NAGAR,AP11Z7137,METRO DELUX,04:49:58,1.44676E+12,06-11-2015 04:12
877,218H,HAYAT NAGAR,AP11Z7137,METRO DELUX,04:31:58,1.44676E+12,06-11-2015 04:12
1056,218H,HAYAT NAGAR,AP11Z7137,METRO DELUX,04:33:58,1.44676E+12,06-11-2015 04:12
873,218H,HAYAT NAGAR,AP11Z7137,METRO DELUX,04:24:08,1.44676E+12,06-11-2015 04:12
874,218H,HAYAT NAGAR,AP11Z7137,METRO DELUX,04:26:08,1.44676E+12,06-11-2015 04:12
875,218H,HAYAT NAGAR,AP11Z7137,METRO DELUX,04:28:08,1.44676E+12,06-11-2015 04:12
876,218H,HAYAT NAGAR,AP11Z7137,METRO DELUX,04:30:08,1.44676E+12,06-11-2015 04:12
878,218H,HAYAT NAGAR,AP11Z7137,METRO DELUX,04:36:08,1.44676E+12,06-11-2015 04:12
879,218H,HAYAT NAGAR,AP11Z7137,METRO DELUX,04:38:08,1.44676E+12,06-11-2015 04:12
880,218H,HAYAT NAGAR,AP11Z7137,METRO DELUX,04:40:08,1.44676E+12,06-11-2015 04:12
881,218H,HAYAT NAGAR,AP11Z7137,METRO DELUX,04:42:08,1.44676E+12,06-11-2015 04:12
882,218H,HAYAT NAGAR,AP11Z7137,METRO DELUX,04:44:08,1.44676E+12,06-11-2015 04:12
843,218H,HAYAT NAGAR,AP11Z7137,METRO DELUX,04:17:53,1.44676E+12,06-11-2015 04:12
844,218H,HAYAT NAGAR,AP11Z7137,METRO DELUX,04:20:28,1.44676E+12,06-11-2015 04:12
862,218H,HAYAT NAGAR,AP11Z7137,METRO DELUX,04:15:14,1.44676E+12,06-11-2015 04:12
841,218H,HAYAT NAGAR,AP11Z7137,METRO DELUX,04:17:28,1.44676E+12,06-11-2015 04:12
842,218H,HAYAT NAGAR,AP11Z7137,METRO DELUX,04:16:29,1.44676E+12,06-11-2015 04:12
2447,218H,HAYAT NAGAR,AP11Z7137,METRO DELUX,04:13:24,1.44676E+12,06-11-2015 04:12
343,218H,HAYAT NAGAR,AP11Z7137,METRO DELUX,04:46:08,1.44676E+12,06-11-2015 04:12
345,218H,HAYAT NAGAR,AP11Z7137,METRO DELUX,04:48:08,1.44676E+12,06-11-2015 04:12
501,218H,HAYAT NAGAR,AP11Z7137,METRO DELUX,04:50:08,1.44676E+12,06-11-2015 04:12
346,218H,HAYAT NAGAR,AP11Z7137,METRO DELUX,04:52:08,1.44676E+12,06-11-2015 04:12
877,218H,HAYAT NAGAR,AP11Z7137,METRO DELUX,04:32:08,1.44676E+12,06-11-2015 04:12
1056,218H,HAYAT NAGAR,AP11Z7137,METRO DELUX,04:34:08,1.44676E+12,06-11-2015 04:12
343,218H,HAYAT NAGAR,AP11Z7137,METRO DELUX,04:46:08,1.44676E+12,06-11-2015 04:12
345,218H,HAYAT NAGAR,AP11Z7137,METRO DELUX,04:48:08,1.44676E+12,06-11-2015 04:12
346,218H,HAYAT NAGAR,AP11Z7137,METRO DELUX,04:52:08,1.44676E+12,06-11-2015 04:12
501,218H,HAYAT NAGAR,AP11Z7137,METRO DELUX,04:50:08,1.44676E+12,06-11-2015 04:12
877,218H,HAYAT NAGAR,AP11Z7137,METRO DELUX,04:32:08,1.44676E+12,06-11-2015 04:12
1056,218H,HAYAT NAGAR,AP11Z7137,METRO DELUX,04:34:08,1.44676E+12,06-11-2015 04:12
873,218H,HAYAT NAGAR,AP11Z7137,METRO DELUX,04:24:18,1.44676E+12,06-11-2015 04:12
874,218H,HAYAT NAGAR,AP11Z7137,METRO DELUX,04:26:18,1.44676E+12,06-11-2015 04:12
875,218H,HAYAT NAGAR,AP11Z7137,METRO DELUX,04:28:18,1.44676E+12,06-11-2015 04:12
876,218H,HAYAT NAGAR,AP11Z7137,METRO DELUX,04:30:18,1.44676E+12,06-11-2015 04:12
878,218H,HAYAT NAGAR,AP11Z7137,METRO DELUX,04:36:18,1.44676E+12,06-11-2015 04:12
879,218H,HAYAT NAGAR,AP11Z7137,METRO DELUX,04:38:18,1.44676E+12,06-11-2015 04:12
880,218H,HAYAT NAGAR,AP11Z7137,METRO DELUX,04:40:18,1.44676E+12,06-11-2015 04:12
881,218H,HAYAT NAGAR,AP11Z7137,METRO DELUX,04:42:18,1.44676E+12,06-11-2015 04:12
882,218H,HAYAT NAGAR,AP11Z7137,METRO DELUX,04:44:18,1.44676E+12,06-11-2015 04:12
843,218H,HAYAT NAGAR,AP11Z7137,METRO DELUX,04:18:03,1.44676E+12,06-11-2015 04:12
844,218H,HAYAT NAGAR,AP11Z7137,METRO DELUX,04:20:38,1.44676E+12,06-11-2015 04:12
862,218H,HAYAT NAGAR,AP11Z7137,METRO DELUX,04:15:24,1.44676E+12,06-11-2015 04:12
842,218H,HAYAT NAGAR,AP11Z7137,METRO DELUX,04:16:39,1.44676E+12,06-11-2015 04:12
841,218H,HAYAT NAGAR,AP11Z7137,METRO DELUX,04:17:38,1.44676E+12,06-11-2015 04:12
2447,218H,HAYAT NAGAR,AP11Z7137,METRO DELUX,04:13:34,1.44676E+12,06-11-2015 04:12
343,218H,HAYAT NAGAR,AP11Z7137,METRO DELUX,04:45:28,1.44676E+12,06-11-2015 04:12
345,218H,HAYAT NAGAR,AP11Z7137,METRO DELUX,04:47:28,1.44676E+12,06-11-2015 04:12
501,218H,HAYAT NAGAR,AP11Z7137,METRO DELUX,04:49:28,1.44676E+12,06-11-2015 04:12
346,218H,HAYAT NAGAR,AP11Z7137,METRO DELUX,04:51:28,1.44676E+12,06-11-2015 04:12
343,218H,HAYAT NAGAR,AP11Z7137,METRO DELUX,04:45:28,1.44676E+12,06-11-2015 04:12
345,218H,HAYAT NAGAR,AP11Z7137,METRO DELUX,04:47:28,1.44676E+12,06-11-2015 04:12
501,218H,HAYAT NAGAR,AP11Z7137,METRO DELUX,04:49:28,1.44676E+12,06-11-2015 04:12
346,218H,HAYAT NAGAR,AP11Z7137,METRO DELUX,04:51:28,1.44676E+12,06-11-2015 04:12
1056,218H,HAYAT NAGAR,AP11Z7137,METRO DELUX,04:33:28,1.44676E+12,06-11-2015 04:12
877,218H,HAYAT NAGAR,AP11Z7137,METRO DELUX,04:31:28,1.44676E+12,06-11-2015 04:12
814,5K/251,KEYS HIGH SCHOOL,AP29Z1160,LOW FLOOR AC,04:30:57,1.44676E+12,06-11-2015 04:13
873,218H,HAYAT NAGAR,AP11Z7137,METRO DELUX,04:23:38,1.44676E+12,06-11-2015 04:13
874,218H,HAYAT NAGAR,AP11Z7137,METRO DELUX,04:25:38,1.44676E+12,06-11-2015 04:13
875,218H,HAYAT NAGAR,AP11Z7137,METRO DELUX,04:27:38,1.44676E+12,06-11-2015 04:13
876,218H,HAYAT NAGAR,AP11Z7137,METRO DELUX,04:29:38,1.44676E+12,06-11-2015 04:13
878,218H,HAYAT NAGAR,AP11Z7137,METRO DELUX,04:35:38,1.44676E+12,06-11-2015 04:13
879,218H,HAYAT NAGAR,AP11Z7137,METRO DELUX,04:37:38,1.44676E+12,06-11-2015 04:13
880,218H,HAYAT NAGAR,AP11Z7137,METRO DELUX,04:39:38,1.44676E+12,06-11-2015 04:13
881,218H,HAYAT NAGAR,AP11Z7137,METRO DELUX,04:41:38,1.44676E+12,06-11-2015 04:13
882,218H,HAYAT NAGAR,AP11Z7137,METRO DELUX,04:43:38,1.44676E+12,06-11-2015 04:13
843,218H,HAYAT NAGAR,AP11Z7137,METRO DELUX,04:17:23,1.44676E+12,06-11-2015 04:13
844,218H,HAYAT NAGAR,AP11Z7137,METRO DELUX,04:19:58,1.44676E+12,06-11-2015 04:13
862,218H,HAYAT NAGAR,AP11Z7137,METRO DELUX,04:14:44,1.44676E+12,06-11-2015 04:13
842,218H,HAYAT NAGAR,AP11Z7137,METRO DELUX,04:15:59,1.44676E+12,06-11-2015 04:13
841,218H,HAYAT NAGAR,AP11Z7137,METRO DELUX,04:16:58,1.44676E+12,06-11-2015 04:13
343,218H,HAYAT NAGAR,AP11Z7137,METRO DELUX,04:46:08,1.44676E+12,06-11-2015 04:13
345,218H,HAYAT NAGAR,AP11Z7137,METRO DELUX,04:48:08,1.44676E+12,06-11-2015 04:13
346,218H,HAYAT NAGAR,AP11Z7137,METRO DELUX,04:52:08,1.44676E+12,06-11-2015 04:13
501,218H,HAYAT NAGAR,AP11Z7137,METRO DELUX,04:50:08,1.44676E+12,06-11-2015 04:13
347,218H,HAYAT NAGAR,AP11Z7137,METRO DELUX,04:54:08,1.44676E+12,06-11-2015 04:13
343,218H,HAYAT NAGAR,AP11Z7137,METRO DELUX,04:46:08,1.44676E+12,06-11-2015 04:13
345,218H,HAYAT NAGAR,AP11Z7137,METRO DELUX,04:48:08,1.44676E+12,06-11-2015 04:13
501,218H,HAYAT NAGAR,AP11Z7137,METRO DELUX,04:50:08,1.44676E+12,06-11-2015 04:13
346,218H,HAYAT NAGAR,AP11Z7137,METRO DELUX,04:52:08,1.44676E+12,06-11-2015 04:13
347,218H,HAYAT NAGAR,AP11Z7137,METRO DELUX,04:54:08,1.44676E+12,06-11-2015 04:13
877,218H,HAYAT NAGAR,AP11Z7137,METRO DELUX,04:32:08,1.44676E+12,06-11-2015 04:13
1056,218H,HAYAT NAGAR,AP11Z7137,METRO DELUX,04:34:08,1.44676E+12,06-11-2015 04:13
874,218H,HAYAT NAGAR,AP11Z7137,METRO DELUX,04:26:08,1.44676E+12,06-11-2015 04:13
873,218H,HAYAT NAGAR,AP11Z7137,METRO DELUX,04:24:08,1.44676E+12,06-11-2015 04:13
875,218H,HAYAT NAGAR,AP11Z7137,METRO DELUX,04:28:08,1.44676E+12,06-11-2015 04:13
876,218H,HAYAT NAGAR,AP11Z7137,METRO DELUX,04:30:08,1.44676E+12,06-11-2015 04:13
878,218H,HAYAT NAGAR,AP11Z7137,METRO DELUX,04:36:08,1.44676E+12,06-11-2015 04:13
879,218H,HAYAT NAGAR,AP11Z7137,METRO DELUX,04:38:08,1.44676E+12,06-11-2015 04:13
881,218H,HAYAT NAGAR,AP11Z7137,METRO DELUX,04:42:08,1.44676E+12,06-11-2015 04:13
880,218H,HAYAT NAGAR,AP11Z7137,METRO DELUX,04:40:08,1.44676E+12,06-11-2015 04:13
882,218H,HAYAT NAGAR,AP11Z7137,METRO DELUX,04:44:08,1.44676E+12,06-11-2015 04:13
843,218H,HAYAT NAGAR,AP11Z7137,METRO DELUX,04:17:53,1.44676E+12,06-11-2015 04:13
844,218H,HAYAT NAGAR,AP11Z7137,METRO DELUX,04:20:28,1.44676E+12,06-11-2015 04:13
842,218H,HAYAT NAGAR,AP11Z7137,METRO DELUX,04:16:29,1.44676E+12,06-11-2015 04:13
862,218H,HAYAT NAGAR,AP11Z7137,METRO DELUX,04:15:14,1.44676E+12,06-11-2015 04:13
841,218H,HAYAT NAGAR,AP11Z7137,METRO DELUX,04:17:28,1.44676E+12,06-11-2015 04:13
343,218H,HAYAT NAGAR,AP11Z7137,METRO DELUX,04:46:28,1.44676E+12,06-11-2015 04:13
345,218H,HAYAT NAGAR,AP11Z7137,METRO DELUX,04:48:28,1.44676E+12,06-11-2015 04:13
501,218H,HAYAT NAGAR,AP11Z7137,METRO DELUX,04:50:28,1.44676E+12,06-11-2015 04:13
346,218H,HAYAT NAGAR,AP11Z7137,METRO DELUX,04:52:28,1.44676E+12,06-11-2015 04:13
347,218H,HAYAT NAGAR,AP11Z7137,METRO DELUX,04:54:28,1.44676E+12,06-11-2015 04:13
501,218H,HAYAT NAGAR,AP11Z7137,METRO DELUX,04:50:28,1.44676E+12,06-11-2015 04:13
345,218H,HAYAT NAGAR,AP11Z7137,METRO DELUX,04:48:28,1.44676E+12,06-11-2015 04:13
343,218H,HAYAT NAGAR,AP11Z7137,METRO DELUX,04:46:28,1.44676E+12,06-11-2015 04:13
346,218H,HAYAT NAGAR,AP11Z7137,METRO DELUX,04:52:28,1.44676E+12,06-11-2015 04:13
347,218H,HAYAT NAGAR,AP11Z7137,METRO DELUX,04:54:28,1.44676E+12,06-11-2015 04:13
877,218H,HAYAT NAGAR,AP11Z7137,METRO DELUX,04:32:28,1.44676E+12,06-11-2015 04:13
1056,218H,HAYAT NAGAR,AP11Z7137,METRO DELUX,04:34:28,1.44676E+12,06-11-2015 04:13
875,218H,HAYAT NAGAR,AP11Z7137,METRO DELUX,04:28:38,1.44676E+12,06-11-2015 04:14
876,218H,HAYAT NAGAR,AP11Z7137,METRO DELUX,04:30:38,1.44676E+12,06-11-2015 04:14
874,218H,HAYAT NAGAR,AP11Z7137,METRO DELUX,04:26:38,1.44676E+12,06-11-2015 04:14
873,218H,HAYAT NAGAR,AP11Z7137,METRO DELUX,04:24:38,1.44676E+12,06-11-2015 04:14
880,218H,HAYAT NAGAR,AP11Z7137,METRO DELUX,04:40:38,1.44676E+12,06-11-2015 04:14
879,218H,HAYAT NAGAR,AP11Z7137,METRO DELUX,04:38:38,1.44676E+12,06-11-2015 04:14
878,218H,HAYAT NAGAR,AP11Z7137,METRO DELUX,04:36:38,1.44676E+12,06-11-2015 04:14
881,218H,HAYAT NAGAR,AP11Z7137,METRO DELUX,04:42:38,1.44676E+12,06-11-2015 04:14
882,218H,HAYAT NAGAR,AP11Z7137,METRO DELUX,04:44:38,1.44676E+12,06-11-2015 04:14
843,218H,HAYAT NAGAR,AP11Z7137,METRO DELUX,04:18:23,1.44676E+12,06-11-2015 04:14
844,218H,HAYAT NAGAR,AP11Z7137,METRO DELUX,04:20:58,1.44676E+12,06-11-2015 04:14
862,218H,HAYAT NAGAR,AP11Z7137,METRO DELUX,04:15:44,1.44676E+12,06-11-2015 04:14
842,218H,HAYAT NAGAR,AP11Z7137,METRO DELUX,04:16:59,1.44676E+12,06-11-2015 04:14
841,218H,HAYAT NAGAR,AP11Z7137,METRO DELUX,04:17:58,1.44676E+12,06-11-2015 04:14
343,218H,HAYAT NAGAR,AP11Z7137,METRO DELUX,04:46:48,1.44676E+12,06-11-2015 04:14
345,218H,HAYAT NAGAR,AP11Z7137,METRO DELUX,04:48:48,1.44676E+12,06-11-2015 04:14
346,218H,HAYAT NAGAR,AP11Z7137,METRO DELUX,04:52:48,1.44676E+12,06-11-2015 04:14
501,218H,HAYAT NAGAR,AP11Z7137,METRO DELUX,04:50:48,1.44676E+12,06-11-2015 04:14
347,218H,HAYAT NAGAR,AP11Z7137,METRO DELUX,04:54:48,1.44676E+12,06-11-2015 04:14
343,218H,HAYAT NAGAR,AP11Z7137,METRO DELUX,04:46:48,1.44676E+12,06-11-2015 04:14
345,218H,HAYAT NAGAR,AP11Z7137,METRO DELUX,04:48:48,1.44676E+12,06-11-2015 04:14
501,218H,HAYAT NAGAR,AP11Z7137,METRO DELUX,04:50:48,1.44676E+12,06-11-2015 04:14
346,218H,HAYAT NAGAR,AP11Z7137,METRO DELUX,04:52:48,1.44676E+12,06-11-2015 04:14
347,218H,HAYAT NAGAR,AP11Z7137,METRO DELUX,04:54:48,1.44676E+12,06-11-2015 04:14
877,218H,HAYAT NAGAR,AP11Z7137,METRO DELUX,04:32:48,1.44676E+12,06-11-2015 04:14
1056,218H,HAYAT NAGAR,AP11Z7137,METRO DELUX,04:34:48,1.44676E+12,06-11-2015 04:14
873,218H,HAYAT NAGAR,AP11Z7137,METRO DELUX,04:23:58,1.44676E+12,06-11-2015 04:14
874,218H,HAYAT NAGAR,AP11Z7137,METRO DELUX,04:25:58,1.44676E+12,06-11-2015 04:14
875,218H,HAYAT NAGAR,AP11Z7137,METRO DELUX,04:27:58,1.44676E+12,06-11-2015 04:14
876,218H,HAYAT NAGAR,AP11Z7137,METRO DELUX,04:29:58,1.44676E+12,06-11-2015 04:14
878,218H,HAYAT NAGAR,AP11Z7137,METRO DELUX,04:35:58,1.44676E+12,06-11-2015 04:14
879,218H,HAYAT NAGAR,AP11Z7137,METRO DELUX,04:37:58,1.44676E+12,06-11-2015 04:14
880,218H,HAYAT NAGAR,AP11Z7137,METRO DELUX,04:39:58,1.44676E+12,06-11-2015 04:14
881,218H,HAYAT NAGAR,AP11Z7137,METRO DELUX,04:41:58,1.44676E+12,06-11-2015 04:14
882,218H,HAYAT NAGAR,AP11Z7137,METRO DELUX,04:43:58,1.44676E+12,06-11-2015 04:14
843,218H,HAYAT NAGAR,AP11Z7137,METRO DELUX,04:17:43,1.44676E+12,06-11-2015 04:14
844,218H,HAYAT NAGAR,AP11Z7137,METRO DELUX,04:20:18,1.44676E+12,06-11-2015 04:14
842,218H,HAYAT NAGAR,AP11Z7137,METRO DELUX,04:16:19,1.44676E+12,06-11-2015 04:14
862,218H,HAYAT NAGAR,AP11Z7137,METRO DELUX,04:15:04,1.44676E+12,06-11-2015 04:14
841,218H,HAYAT NAGAR,AP11Z7137,METRO DELUX,04:17:18,1.44676E+12,06-11-2015 04:14
343,218H,HAYAT NAGAR,AP11Z7137,METRO DELUX,04:46:08,1.44676E+12,06-11-2015 04:14
345,218H,HAYAT NAGAR,AP11Z7137,METRO DELUX,04:48:08,1.44676E+12,06-11-2015 04:14
347,218H,HAYAT NAGAR,AP11Z7137,METRO DELUX,04:54:08,1.44676E+12,06-11-2015 04:14
346,218H,HAYAT NAGAR,AP11Z7137,METRO DELUX,04:52:08,1.44676E+12,06-11-2015 04:14
501,218H,HAYAT NAGAR,AP11Z7137,METRO DELUX,04:50:08,1.44676E+12,06-11-2015 04:14
877,218H,HAYAT NAGAR,AP11Z7137,METRO DELUX,04:32:08,1.44676E+12,06-11-2015 04:14
1056,218H,HAYAT NAGAR,AP11Z7137,METRO DELUX,04:34:08,1.44676E+12,06-11-2015 04:14
343,218H,HAYAT NAGAR,AP11Z7137,METRO DELUX,04:46:08,1.44676E+12,06-11-2015 04:14
501,218H,HAYAT NAGAR,AP11Z7137,METRO DELUX,04:50:08,1.44676E+12,06-11-2015 04:14
345,218H,HAYAT NAGAR,AP11Z7137,METRO DELUX,04:48:08,1.44676E+12,06-11-2015 04:14
346,218H,HAYAT NAGAR,AP11Z7137,METRO DELUX,04:52:08,1.44676E+12,06-11-2015 04:14
347,218H,HAYAT NAGAR,AP11Z7137,METRO DELUX,04:54:08,1.44676E+12,06-11-2015 04:14
1056,218H,HAYAT NAGAR,AP11Z7137,METRO DELUX,04:34:08,1.44676E+12,06-11-2015 04:14
877,218H,HAYAT NAGAR,AP11Z7137,METRO DELUX,04:32:08,1.44676E+12,06-11-2015 04:14
873,218H,HAYAT NAGAR,AP11Z7137,METRO DELUX,04:24:18,1.44676E+12,06-11-2015 04:14
874,218H,HAYAT NAGAR,AP11Z7137,METRO DELUX,04:26:18,1.44676E+12,06-11-2015 04:14
876,218H,HAYAT NAGAR,AP11Z7137,METRO DELUX,04:30:18,1.44676E+12,06-11-2015 04:14
875,218H,HAYAT NAGAR,AP11Z7137,METRO DELUX,04:28:18,1.44676E+12,06-11-2015 04:14
878,218H,HAYAT NAGAR,AP11Z7137,METRO DELUX,04:36:18,1.44676E+12,06-11-2015 04:14
879,218H,HAYAT NAGAR,AP11Z7137,METRO DELUX,04:38:18,1.44676E+12,06-11-2015 04:14
881,218H,HAYAT NAGAR,AP11Z7137,METRO DELUX,04:42:18,1.44676E+12,06-11-2015 04:14
880,218H,HAYAT NAGAR,AP11Z7137,METRO DELUX,04:40:18,1.44676E+12,06-11-2015 04:14
882,218H,HAYAT NAGAR,AP11Z7137,METRO DELUX,04:44:18,1.44676E+12,06-11-2015 04:14
843,218H,HAYAT NAGAR,AP11Z7137,METRO DELUX,04:18:03,1.44676E+12,06-11-2015 04:14
844,218H,HAYAT NAGAR,AP11Z7137,METRO DELUX,04:20:38,1.44676E+12,06-11-2015 04:14
842,218H,HAYAT NAGAR,AP11Z7137,METRO DELUX,04:16:39,1.44676E+12,06-11-2015 04:14
841,218H,HAYAT NAGAR,AP11Z7137,METRO DELUX,04:17:38,1.44676E+12,06-11-2015 04:14
862,218H,HAYAT NAGAR,AP11Z7137,METRO DELUX,04:15:24,1.44676E+12,06-11-2015 04:14
343,218H,HAYAT NAGAR,AP11Z7137,METRO DELUX,04:46:28,1.44676E+12,06-11-2015 04:14
345,218H,HAYAT NAGAR,AP11Z7137,METRO DELUX,04:48:28,1.44676E+12,06-11-2015 04:14
501,218H,HAYAT NAGAR,AP11Z7137,METRO DELUX,04:50:28,1.44676E+12,06-11-2015 04:14
346,218H,HAYAT NAGAR,AP11Z7137,METRO DELUX,04:52:28,1.44676E+12,06-11-2015 04:14
347,218H,HAYAT NAGAR,AP11Z7137,METRO DELUX,04:54:28,1.44676E+12,06-11-2015 04:14
1056,218H,HAYAT NAGAR,AP11Z7137,METRO DELUX,04:34:28,1.44676E+12,06-11-2015 04:14
877,218H,HAYAT NAGAR,AP11Z7137,METRO DELUX,04:32:28,1.44676E+12,06-11-2015 04:14
343,218H,HAYAT NAGAR,AP11Z7137,METRO DELUX,04:46:28,1.44676E+12,06-11-2015 04:14
345,218H,HAYAT NAGAR,AP11Z7137,METRO DELUX,04:48:28,1.44676E+12,06-11-2015 04:14
501,218H,HAYAT NAGAR,AP11Z7137,METRO DELUX,04:50:28,1.44676E+12,06-11-2015 04:14
346,218H,HAYAT NAGAR,AP11Z7137,METRO DELUX,04:52:28,1.44676E+12,06-11-2015 04:14
347,218H,HAYAT NAGAR,AP11Z7137,METRO DELUX,04:54:28,1.44676E+12,06-11-2015 04:14
1056,218H,HAYAT NAGAR,AP11Z7137,METRO DELUX,04:34:38,1.44676E+12,06-11-2015 04:14
877,218H,HAYAT NAGAR,AP11Z7137,METRO DELUX,04:32:38,1.44676E+12,06-11-2015 04:14
873,218H,HAYAT NAGAR,AP11Z7137,METRO DELUX,04:24:38,1.44676E+12,06-11-2015 04:15
874,218H,HAYAT NAGAR,AP11Z7137,METRO DELUX,04:26:38,1.44676E+12,06-11-2015 04:15
875,218H,HAYAT NAGAR,AP11Z7137,METRO DELUX,04:28:38,1.44676E+12,06-11-2015 04:15
876,218H,HAYAT NAGAR,AP11Z7137,METRO DELUX,04:30:38,1.44676E+12,06-11-2015 04:15
878,218H,HAYAT NAGAR,AP11Z7137,METRO DELUX,04:36:38,1.44676E+12,06-11-2015 04:15
879,218H,HAYAT NAGAR,AP11Z7137,METRO DELUX,04:38:38,1.44676E+12,06-11-2015 04:15
881,218H,HAYAT NAGAR,AP11Z7137,METRO DELUX,04:42:38,1.44676E+12,06-11-2015 04:15
882,218H,HAYAT NAGAR,AP11Z7137,METRO DELUX,04:44:38,1.44676E+12,06-11-2015 04:15
880,218H,HAYAT NAGAR,AP11Z7137,METRO DELUX,04:40:38,1.44676E+12,06-11-2015 04:15
843,218H,HAYAT NAGAR,AP11Z7137,METRO DELUX,04:18:23,1.44676E+12,06-11-2015 04:15
844,218H,HAYAT NAGAR,AP11Z7137,METRO DELUX,04:20:58,1.44676E+12,06-11-2015 04:15
842,218H,HAYAT NAGAR,AP11Z7137,METRO DELUX,04:16:59,1.44676E+12,06-11-2015 04:15
862,218H,HAYAT NAGAR,AP11Z7137,METRO DELUX,04:15:44,1.44676E+12,06-11-2015 04:15
841,218H,HAYAT NAGAR,AP11Z7137,METRO DELUX,04:17:58,1.44676E+12,06-11-2015 04:15
343,218H,HAYAT NAGAR,AP11Z7137,METRO DELUX,04:46:48,1.44676E+12,06-11-2015 04:15
345,218H,HAYAT NAGAR,AP11Z7137,METRO DELUX,04:48:48,1.44676E+12,06-11-2015 04:15
501,218H,HAYAT NAGAR,AP11Z7137,METRO DELUX,04:50:48,1.44676E+12,06-11-2015 04:15
346,218H,HAYAT NAGAR,AP11Z7137,METRO DELUX,04:52:48,1.44676E+12,06-11-2015 04:15
347,218H,HAYAT NAGAR,AP11Z7137,METRO DELUX,04:54:48,1.44676E+12,06-11-2015 04:15
877,218H,HAYAT NAGAR,AP11Z7137,METRO DELUX,04:32:48,1.44676E+12,06-11-2015 04:15
1056,218H,HAYAT NAGAR,AP11Z7137,METRO DELUX,04:34:48,1.44676E+12,06-11-2015 04:15
343,218H,HAYAT NAGAR,AP11Z7137,METRO DELUX,04:46:48,1.44676E+12,06-11-2015 04:15
345,218H,HAYAT NAGAR,AP11Z7137,METRO DELUX,04:48:48,1.44676E+12,06-11-2015 04:15
501,218H,HAYAT NAGAR,AP11Z7137,METRO DELUX,04:50:48,1.44676E+12,06-11-2015 04:15
347,218H,HAYAT NAGAR,AP11Z7137,METRO DELUX,04:54:48,1.44676E+12,06-11-2015 04:15
346,218H,HAYAT NAGAR,AP11Z7137,METRO DELUX,04:52:48,1.44676E+12,06-11-2015 04:15
877,218H,HAYAT NAGAR,AP11Z7137,METRO DELUX,04:32:08,1.44676E+12,06-11-2015 04:15
1056,218H,HAYAT NAGAR,AP11Z7137,METRO DELUX,04:34:08,1.44676E+12,06-11-2015 04:15
873,218H,HAYAT NAGAR,AP11Z7137,METRO DELUX,04:24:08,1.44676E+12,06-11-2015 04:15
874,218H,HAYAT NAGAR,AP11Z7137,METRO DELUX,04:26:08,1.44676E+12,06-11-2015 04:15
875,218H,HAYAT NAGAR,AP11Z7137,METRO DELUX,04:28:08,1.44676E+12,06-11-2015 04:15
876,218H,HAYAT NAGAR,AP11Z7137,METRO DELUX,04:30:08,1.44676E+12,06-11-2015 04:15
878,218H,HAYAT NAGAR,AP11Z7137,METRO DELUX,04:36:08,1.44676E+12,06-11-2015 04:15
879,218H,HAYAT NAGAR,AP11Z7137,METRO DELUX,04:38:08,1.44676E+12,06-11-2015 04:15
880,218H,HAYAT NAGAR,AP11Z7137,METRO DELUX,04:40:08,1.44676E+12,06-11-2015 04:15
881,218H,HAYAT NAGAR,AP11Z7137,METRO DELUX,04:42:08,1.44676E+12,06-11-2015 04:15
882,218H,HAYAT NAGAR,AP11Z7137,METRO DELUX,04:44:08,1.44676E+12,06-11-2015 04:15
843,218H,HAYAT NAGAR,AP11Z7137,METRO DELUX,04:17:53,1.44676E+12,06-11-2015 04:15
844,218H,HAYAT NAGAR,AP11Z7137,METRO DELUX,04:20:28,1.44676E+12,06-11-2015 04:15
842,218H,HAYAT NAGAR,AP11Z7137,METRO DELUX,04:16:29,1.44676E+12,06-11-2015 04:15
841,218H,HAYAT NAGAR,AP11Z7137,METRO DELUX,04:17:28,1.44676E+12,06-11-2015 04:15
343,218H,HAYAT NAGAR,AP11Z7137,METRO DELUX,04:46:08,1.44676E+12,06-11-2015 04:15
345,218H,HAYAT NAGAR,AP11Z7137,METRO DELUX,04:48:08,1.44676E+12,06-11-2015 04:15
501,218H,HAYAT NAGAR,AP11Z7137,METRO DELUX,04:50:08,1.44676E+12,06-11-2015 04:15
346,218H,HAYAT NAGAR,AP11Z7137,METRO DELUX,04:52:08,1.44676E+12,06-11-2015 04:15
347,218H,HAYAT NAGAR,AP11Z7137,METRO DELUX,04:54:08,1.44676E+12,06-11-2015 04:15
469,218H,HAYAT NAGAR,AP11Z7137,METRO DELUX,04:56:08,1.44676E+12,06-11-2015 04:15
877,218H,HAYAT NAGAR,AP11Z7137,METRO DELUX,04:32:08,1.44676E+12,06-11-2015 04:15
1056,218H,HAYAT NAGAR,AP11Z7137,METRO DELUX,04:34:08,1.44676E+12,06-11-2015 04:15
343,218H,HAYAT NAGAR,AP11Z7137,METRO DELUX,04:46:08,1.44676E+12,06-11-2015 04:15
345,218H,HAYAT NAGAR,AP11Z7137,METRO DELUX,04:48:08,1.44676E+12,06-11-2015 04:15
501,218H,HAYAT NAGAR,AP11Z7137,METRO DELUX,04:50:08,1.44676E+12,06-11-2015 04:15
346,218H,HAYAT NAGAR,AP11Z7137,METRO DELUX,04:52:08,1.44676E+12,06-11-2015 04:15
347,218H,HAYAT NAGAR,AP11Z7137,METRO DELUX,04:54:08,1.44676E+12,06-11-2015 04:15
469,218H,HAYAT NAGAR,AP11Z7137,METRO DELUX,04:56:08,1.44676E+12,06-11-2015 04:15
877,218H,HAYAT NAGAR,AP11Z7137,METRO DELUX,04:32:08,1.44676E+12,06-11-2015 04:15
1056,218H,HAYAT NAGAR,AP11Z7137,METRO DELUX,04:34:08,1.44676E+12,06-11-2015 04:15
873,218H,HAYAT NAGAR,AP11Z7137,METRO DELUX,04:24:28,1.44676E+12,06-11-2015 04:15
875,218H,HAYAT NAGAR,AP11Z7137,METRO DELUX,04:28:28,1.44676E+12,06-11-2015 04:15
874,218H,HAYAT NAGAR,AP11Z7137,METRO DELUX,04:26:28,1.44676E+12,06-11-2015 04:15
878,218H,HAYAT NAGAR,AP11Z7137,METRO DELUX,04:36:28,1.44676E+12,06-11-2015 04:15
879,218H,HAYAT NAGAR,AP11Z7137,METRO DELUX,04:38:28,1.44676E+12,06-11-2015 04:15
876,218H,HAYAT NAGAR,AP11Z7137,METRO DELUX,04:30:28,1.44676E+12,06-11-2015 04:15
880,218H,HAYAT NAGAR,AP11Z7137,METRO DELUX,04:40:28,1.44676E+12,06-11-2015 04:15
881,218H,HAYAT NAGAR,AP11Z7137,METRO DELUX,04:42:28,1.44676E+12,06-11-2015 04:15
882,218H,HAYAT NAGAR,AP11Z7137,METRO DELUX,04:44:28,1.44676E+12,06-11-2015 04:15
843,218H,HAYAT NAGAR,AP11Z7137,METRO DELUX,04:18:13,1.44676E+12,06-11-2015 04:15
844,218H,HAYAT NAGAR,AP11Z7137,METRO DELUX,04:20:48,1.44676E+12,06-11-2015 04:15
841,218H,HAYAT NAGAR,AP11Z7137,METRO DELUX,04:17:48,1.44676E+12,06-11-2015 04:15
842,218H,HAYAT NAGAR,AP11Z7137,METRO DELUX,04:16:49,1.44676E+12,06-11-2015 04:15
343,218H,HAYAT NAGAR,AP11Z7137,METRO DELUX,04:46:38,1.44676E+12,06-11-2015 04:15
345,218H,HAYAT NAGAR,AP11Z7137,METRO DELUX,04:48:38,1.44676E+12,06-11-2015 04:15
346,218H,HAYAT NAGAR,AP11Z7137,METRO DELUX,04:52:38,1.44676E+12,06-11-2015 04:15
501,218H,HAYAT NAGAR,AP11Z7137,METRO DELUX,04:50:38,1.44676E+12,06-11-2015 04:15
347,218H,HAYAT NAGAR,AP11Z7137,METRO DELUX,04:54:38,1.44676E+12,06-11-2015 04:15
469,218H,HAYAT NAGAR,AP11Z7137,METRO DELUX,04:56:38,1.44676E+12,06-11-2015 04:15
1056,218H,HAYAT NAGAR,AP11Z7137,METRO DELUX,04:34:38,1.44676E+12,06-11-2015 04:15
877,218H,HAYAT NAGAR,AP11Z7137,METRO DELUX,04:32:38,1.44676E+12,06-11-2015 04:15
343,218H,HAYAT NAGAR,AP11Z7137,METRO DELUX,04:46:38,1.44676E+12,06-11-2015 04:15
345,218H,HAYAT NAGAR,AP11Z7137,METRO DELUX,04:48:38,1.44676E+12,06-11-2015 04:15
501,218H,HAYAT NAGAR,AP11Z7137,METRO DELUX,04:50:38,1.44676E+12,06-11-2015 04:15
347,218H,HAYAT NAGAR,AP11Z7137,METRO DELUX,04:54:38,1.44676E+12,06-11-2015 04:15
346,218H,HAYAT NAGAR,AP11Z7137,METRO DELUX,04:52:38,1.44676E+12,06-11-2015 04:15
469,218H,HAYAT NAGAR,AP11Z7137,METRO DELUX,04:56:38,1.44676E+12,06-11-2015 04:15
877,218H,HAYAT NAGAR,AP11Z7137,METRO DELUX,04:32:38,1.44676E+12,06-11-2015 04:15
1056,218H,HAYAT NAGAR,AP11Z7137,METRO DELUX,04:34:38,1.44676E+12,06-11-2015 04:15
873,218H,HAYAT NAGAR,AP11Z7137,METRO DELUX,04:24:33,1.44676E+12,06-11-2015 04:16
874,218H,HAYAT NAGAR,AP11Z7137,METRO DELUX,04:26:33,1.44676E+12,06-11-2015 04:16
876,218H,HAYAT NAGAR,AP11Z7137,METRO DELUX,04:30:33,1.44676E+12,06-11-2015 04:16
875,218H,HAYAT NAGAR,AP11Z7137,METRO DELUX,04:28:33,1.44676E+12,06-11-2015 04:16
878,218H,HAYAT NAGAR,AP11Z7137,METRO DELUX,04:36:33,1.44676E+12,06-11-2015 04:16
879,218H,HAYAT NAGAR,AP11Z7137,METRO DELUX,04:38:33,1.44676E+12,06-11-2015 04:16
880,218H,HAYAT NAGAR,AP11Z7137,METRO DELUX,04:40:33,1.44676E+12,06-11-2015 04:16
881,218H,HAYAT NAGAR,AP11Z7137,METRO DELUX,04:42:33,1.44676E+12,06-11-2015 04:16
882,218H,HAYAT NAGAR,AP11Z7137,METRO DELUX,04:44:33,1.44676E+12,06-11-2015 04:16
843,218H,HAYAT NAGAR,AP11Z7137,METRO DELUX,04:18:18,1.44676E+12,06-11-2015 04:16
844,218H,HAYAT NAGAR,AP11Z7137,METRO DELUX,04:20:53,1.44676E+12,06-11-2015 04:16
842,218H,HAYAT NAGAR,AP11Z7137,METRO DELUX,04:16:54,1.44676E+12,06-11-2015 04:16
841,218H,HAYAT NAGAR,AP11Z7137,METRO DELUX,04:17:53,1.44676E+12,06-11-2015 04:16
345,218H,HAYAT NAGAR,AP11Z7137,METRO DELUX,04:48:53,1.44676E+12,06-11-2015 04:16
343,218H,HAYAT NAGAR,AP11Z7137,METRO DELUX,04:46:53,1.44676E+12,06-11-2015 04:16
346,218H,HAYAT NAGAR,AP11Z7137,METRO DELUX,04:52:53,1.44676E+12,06-11-2015 04:16
501,218H,HAYAT NAGAR,AP11Z7137,METRO DELUX,04:50:53,1.44676E+12,06-11-2015 04:16
347,218H,HAYAT NAGAR,AP11Z7137,METRO DELUX,04:54:53,1.44676E+12,06-11-2015 04:16
469,218H,HAYAT NAGAR,AP11Z7137,METRO DELUX,04:56:53,1.44676E+12,06-11-2015 04:16
877,218H,HAYAT NAGAR,AP11Z7137,METRO DELUX,04:32:53,1.44676E+12,06-11-2015 04:16
1056,218H,HAYAT NAGAR,AP11Z7137,METRO DELUX,04:34:53,1.44676E+12,06-11-2015 04:16
873,218H,HAYAT NAGAR,AP11Z7137,METRO DELUX,04:24:53,1.44676E+12,06-11-2015 04:16
874,218H,HAYAT NAGAR,AP11Z7137,METRO DELUX,04:26:53,1.44676E+12,06-11-2015 04:16
875,218H,HAYAT NAGAR,AP11Z7137,METRO DELUX,04:28:53,1.44676E+12,06-11-2015 04:16
876,218H,HAYAT NAGAR,AP11Z7137,METRO DELUX,04:30:53,1.44676E+12,06-11-2015 04:16
878,218H,HAYAT NAGAR,AP11Z7137,METRO DELUX,04:36:53,1.44676E+12,06-11-2015 04:16
879,218H,HAYAT NAGAR,AP11Z7137,METRO DELUX,04:38:53,1.44676E+12,06-11-2015 04:16
880,218H,HAYAT NAGAR,AP11Z7137,METRO DELUX,04:40:53,1.44676E+12,06-11-2015 04:16
882,218H,HAYAT NAGAR,AP11Z7137,METRO DELUX,04:44:53,1.44676E+12,06-11-2015 04:16
881,218H,HAYAT NAGAR,AP11Z7137,METRO DELUX,04:42:53,1.44676E+12,06-11-2015 04:16
843,218H,HAYAT NAGAR,AP11Z7137,METRO DELUX,04:18:38,1.44676E+12,06-11-2015 04:16
844,218H,HAYAT NAGAR,AP11Z7137,METRO DELUX,04:21:13,1.44676E+12,06-11-2015 04:16
842,218H,HAYAT NAGAR,AP11Z7137,METRO DELUX,04:17:14,1.44676E+12,06-11-2015 04:16
841,218H,HAYAT NAGAR,AP11Z7137,METRO DELUX,04:18:13,1.44676E+12,06-11-2015 04:16
343,218H,HAYAT NAGAR,AP11Z7137,METRO DELUX,04:47:03,1.44676E+12,06-11-2015 04:16
501,218H,HAYAT NAGAR,AP11Z7137,METRO DELUX,04:51:03,1.44676E+12,06-11-2015 04:16
345,218H,HAYAT NAGAR,AP11Z7137,METRO DELUX,04:49:03,1.44676E+12,06-11-2015 04:16
346,218H,HAYAT NAGAR,AP11Z7137,METRO DELUX,04:53:03,1.44676E+12,06-11-2015 04:16
347,218H,HAYAT NAGAR,AP11Z7137,METRO DELUX,04:55:03,1.44676E+12,06-11-2015 04:16
469,218H,HAYAT NAGAR,AP11Z7137,METRO DELUX,04:57:03,1.44676E+12,06-11-2015 04:16
877,218H,HAYAT NAGAR,AP11Z7137,METRO DELUX,04:33:03,1.44676E+12,06-11-2015 04:16
1056,218H,HAYAT NAGAR,AP11Z7137,METRO DELUX,04:35:03,1.44676E+12,06-11-2015 04:16
343,218H,HAYAT NAGAR,AP11Z7137,METRO DELUX,04:47:03,1.44676E+12,06-11-2015 04:16
345,218H,HAYAT NAGAR,AP11Z7137,METRO DELUX,04:49:03,1.44676E+12,06-11-2015 04:16
501,218H,HAYAT NAGAR,AP11Z7137,METRO DELUX,04:51:03,1.44676E+12,06-11-2015 04:16
346,218H,HAYAT NAGAR,AP11Z7137,METRO DELUX,04:53:03,1.44676E+12,06-11-2015 04:16
347,218H,HAYAT NAGAR,AP11Z7137,METRO DELUX,04:55:03,1.44676E+12,06-11-2015 04:16
469,218H,HAYAT NAGAR,AP11Z7137,METRO DELUX,04:57:03,1.44676E+12,06-11-2015 04:16
877,218H,HAYAT NAGAR,AP11Z7137,METRO DELUX,04:32:13,1.44676E+12,06-11-2015 04:16
1056,218H,HAYAT NAGAR,AP11Z7137,METRO DELUX,04:34:13,1.44676E+12,06-11-2015 04:16
874,218H,HAYAT NAGAR,AP11Z7137,METRO DELUX,04:26:13,1.44676E+12,06-11-2015 04:16
873,218H,HAYAT NAGAR,AP11Z7137,METRO DELUX,04:24:13,1.44676E+12,06-11-2015 04:16
875,218H,HAYAT NAGAR,AP11Z7137,METRO DELUX,04:28:13,1.44676E+12,06-11-2015 04:16
876,218H,HAYAT NAGAR,AP11Z7137,METRO DELUX,04:30:13,1.44676E+12,06-11-2015 04:16
880,218H,HAYAT NAGAR,AP11Z7137,METRO DELUX,04:40:13,1.44676E+12,06-11-2015 04:16
879,218H,HAYAT NAGAR,AP11Z7137,METRO DELUX,04:38:13,1.44676E+12,06-11-2015 04:16
878,218H,HAYAT NAGAR,AP11Z7137,METRO DELUX,04:36:13,1.44676E+12,06-11-2015 04:16
881,218H,HAYAT NAGAR,AP11Z7137,METRO DELUX,04:42:13,1.44676E+12,06-11-2015 04:16
882,218H,HAYAT NAGAR,AP11Z7137,METRO DELUX,04:44:13,1.44676E+12,06-11-2015 04:16
844,218H,HAYAT NAGAR,AP11Z7137,METRO DELUX,04:20:33,1.44676E+12,06-11-2015 04:16
843,218H,HAYAT NAGAR,AP11Z7137,METRO DELUX,04:17:58,1.44676E+12,06-11-2015 04:16
841,218H,HAYAT NAGAR,AP11Z7137,METRO DELUX,04:17:33,1.44676E+12,06-11-2015 04:16
345,218H,HAYAT NAGAR,AP11Z7137,METRO DELUX,04:48:23,1.44676E+12,06-11-2015 04:16
343,218H,HAYAT NAGAR,AP11Z7137,METRO DELUX,04:46:23,1.44676E+12,06-11-2015 04:16
346,218H,HAYAT NAGAR,AP11Z7137,METRO DELUX,04:52:23,1.44676E+12,06-11-2015 04:16
501,218H,HAYAT NAGAR,AP11Z7137,METRO DELUX,04:50:23,1.44676E+12,06-11-2015 04:16
347,218H,HAYAT NAGAR,AP11Z7137,METRO DELUX,04:54:23,1.44676E+12,06-11-2015 04:16
469,218H,HAYAT NAGAR,AP11Z7137,METRO DELUX,04:56:23,1.44676E+12,06-11-2015 04:16
470,218H,HAYAT NAGAR,AP11Z7137,METRO DELUX,04:58:23,1.44676E+12,06-11-2015 04:16
1056,218H,HAYAT NAGAR,AP11Z7137,METRO DELUX,04:34:34,1.44676E+12,06-11-2015 04:16
877,218H,HAYAT NAGAR,AP11Z7137,METRO DELUX,04:32:34,1.44676E+12,06-11-2015 04:16
873,218H,HAYAT NAGAR,AP11Z7137,METRO DELUX,04:24:34,1.44676E+12,06-11-2015 04:17
874,218H,HAYAT NAGAR,AP11Z7137,METRO DELUX,04:26:34,1.44676E+12,06-11-2015 04:17
875,218H,HAYAT NAGAR,AP11Z7137,METRO DELUX,04:28:34,1.44676E+12,06-11-2015 04:17
876,218H,HAYAT NAGAR,AP11Z7137,METRO DELUX,04:30:34,1.44676E+12,06-11-2015 04:17
879,218H,HAYAT NAGAR,AP11Z7137,METRO DELUX,04:38:34,1.44676E+12,06-11-2015 04:17
878,218H,HAYAT NAGAR,AP11Z7137,METRO DELUX,04:36:34,1.44676E+12,06-11-2015 04:17
881,218H,HAYAT NAGAR,AP11Z7137,METRO DELUX,04:42:34,1.44676E+12,06-11-2015 04:17
880,218H,HAYAT NAGAR,AP11Z7137,METRO DELUX,04:40:34,1.44676E+12,06-11-2015 04:17
882,218H,HAYAT NAGAR,AP11Z7137,METRO DELUX,04:44:34,1.44676E+12,06-11-2015 04:17
843,218H,HAYAT NAGAR,AP11Z7137,METRO DELUX,04:18:19,1.44676E+12,06-11-2015 04:17
844,218H,HAYAT NAGAR,AP11Z7137,METRO DELUX,04:20:54,1.44676E+12,06-11-2015 04:17
841,218H,HAYAT NAGAR,AP11Z7137,METRO DELUX,04:17:54,1.44676E+12,06-11-2015 04:17
345,218H,HAYAT NAGAR,AP11Z7137,METRO DELUX,04:48:34,1.44676E+12,06-11-2015 04:17
343,218H,HAYAT NAGAR,AP11Z7137,METRO DELUX,04:46:34,1.44676E+12,06-11-2015 04:17
501,218H,HAYAT NAGAR,AP11Z7137,METRO DELUX,04:50:34,1.44676E+12,06-11-2015 04:17
346,218H,HAYAT NAGAR,AP11Z7137,METRO DELUX,04:52:34,1.44676E+12,06-11-2015 04:17
347,218H,HAYAT NAGAR,AP11Z7137,METRO DELUX,04:54:34,1.44676E+12,06-11-2015 04:17
469,218H,HAYAT NAGAR,AP11Z7137,METRO DELUX,04:56:34,1.44676E+12,06-11-2015 04:17
470,218H,HAYAT NAGAR,AP11Z7137,METRO DELUX,04:58:34,1.44676E+12,06-11-2015 04:17
1056,218H,HAYAT NAGAR,AP11Z7137,METRO DELUX,04:34:34,1.44676E+12,06-11-2015 04:17
877,218H,HAYAT NAGAR,AP11Z7137,METRO DELUX,04:32:34,1.44676E+12,06-11-2015 04:17
343,218H,HAYAT NAGAR,AP11Z7137,METRO DELUX,04:46:44,1.44676E+12,06-11-2015 04:17
501,218H,HAYAT NAGAR,AP11Z7137,METRO DELUX,04:50:44,1.44676E+12,06-11-2015 04:17
346,218H,HAYAT NAGAR,AP11Z7137,METRO DELUX,04:52:44,1.44676E+12,06-11-2015 04:17
345,218H,HAYAT NAGAR,AP11Z7137,METRO DELUX,04:48:44,1.44676E+12,06-11-2015 04:17
347,218H,HAYAT NAGAR,AP11Z7137,METRO DELUX,04:54:44,1.44676E+12,06-11-2015 04:17
469,218H,HAYAT NAGAR,AP11Z7137,METRO DELUX,04:56:44,1.44676E+12,06-11-2015 04:17
470,218H,HAYAT NAGAR,AP11Z7137,METRO DELUX,04:58:44,1.44676E+12,06-11-2015 04:17
1056,218H,HAYAT NAGAR,AP11Z7137,METRO DELUX,04:34:44,1.44676E+12,06-11-2015 04:17
877,218H,HAYAT NAGAR,AP11Z7137,METRO DELUX,04:32:44,1.44676E+12,06-11-2015 04:17
873,218H,HAYAT NAGAR,AP11Z7137,METRO DELUX,04:24:44,1.44676E+12,06-11-2015 04:17
874,218H,HAYAT NAGAR,AP11Z7137,METRO DELUX,04:26:44,1.44676E+12,06-11-2015 04:17
875,218H,HAYAT NAGAR,AP11Z7137,METRO DELUX,04:28:44,1.44676E+12,06-11-2015 04:17
876,218H,HAYAT NAGAR,AP11Z7137,METRO DELUX,04:30:44,1.44676E+12,06-11-2015 04:17
878,218H,HAYAT NAGAR,AP11Z7137,METRO DELUX,04:36:44,1.44676E+12,06-11-2015 04:17
879,218H,HAYAT NAGAR,AP11Z7137,METRO DELUX,04:38:44,1.44676E+12,06-11-2015 04:17
880,218H,HAYAT NAGAR,AP11Z7137,METRO DELUX,04:40:44,1.44676E+12,06-11-2015 04:17
881,218H,HAYAT NAGAR,AP11Z7137,METRO DELUX,04:42:44,1.44676E+12,06-11-2015 04:17
882,218H,HAYAT NAGAR,AP11Z7137,METRO DELUX,04:44:44,1.44676E+12,06-11-2015 04:17
844,218H,HAYAT NAGAR,AP11Z7137,METRO DELUX,04:21:14,1.44676E+12,06-11-2015 04:17
843,218H,HAYAT NAGAR,AP11Z7137,METRO DELUX,04:18:39,1.44676E+12,06-11-2015 04:17
841,218H,HAYAT NAGAR,AP11Z7137,METRO DELUX,04:18:14,1.44676E+12,06-11-2015 04:17
343,218H,HAYAT NAGAR,AP11Z7137,METRO DELUX,04:46:04,1.44676E+12,06-11-2015 04:17
501,218H,HAYAT NAGAR,AP11Z7137,METRO DELUX,04:50:04,1.44676E+12,06-11-2015 04:17
345,218H,HAYAT NAGAR,AP11Z7137,METRO DELUX,04:48:04,1.44676E+12,06-11-2015 04:17
346,218H,HAYAT NAGAR,AP11Z7137,METRO DELUX,04:52:04,1.44676E+12,06-11-2015 04:17
347,218H,HAYAT NAGAR,AP11Z7137,METRO DELUX,04:54:04,1.44676E+12,06-11-2015 04:17
469,218H,HAYAT NAGAR,AP11Z7137,METRO DELUX,04:56:04,1.44676E+12,06-11-2015 04:17
470,218H,HAYAT NAGAR,AP11Z7137,METRO DELUX,04:58:04,1.44676E+12,06-11-2015 04:17
343,218H,HAYAT NAGAR,AP11Z7137,METRO DELUX,04:46:04,1.44676E+12,06-11-2015 04:17
345,218H,HAYAT NAGAR,AP11Z7137,METRO DELUX,04:48:04,1.44676E+12,06-11-2015 04:17
501,218H,HAYAT NAGAR,AP11Z7137,METRO DELUX,04:50:04,1.44676E+12,06-11-2015 04:17
346,218H,HAYAT NAGAR,AP11Z7137,METRO DELUX,04:52:04,1.44676E+12,06-11-2015 04:17
347,218H,HAYAT NAGAR,AP11Z7137,METRO DELUX,04:54:04,1.44676E+12,06-11-2015 04:17
469,218H,HAYAT NAGAR,AP11Z7137,METRO DELUX,04:56:04,1.44676E+12,06-11-2015 04:17
470,218H,HAYAT NAGAR,AP11Z7137,METRO DELUX,04:58:04,1.44676E+12,06-11-2015 04:17
877,218H,HAYAT NAGAR,AP11Z7137,METRO DELUX,04:32:04,1.44676E+12,06-11-2015 04:17
1056,218H,HAYAT NAGAR,AP11Z7137,METRO DELUX,04:34:04,1.44676E+12,06-11-2015 04:17
873,218H,HAYAT NAGAR,AP11Z7137,METRO DELUX,04:24:14,1.44676E+12,06-11-2015 04:17
874,218H,HAYAT NAGAR,AP11Z7137,METRO DELUX,04:26:14,1.44676E+12,06-11-2015 04:17
875,218H,HAYAT NAGAR,AP11Z7137,METRO DELUX,04:28:14,1.44676E+12,06-11-2015 04:17
876,218H,HAYAT NAGAR,AP11Z7137,METRO DELUX,04:30:14,1.44676E+12,06-11-2015 04:17
878,218H,HAYAT NAGAR,AP11Z7137,METRO DELUX,04:36:14,1.44676E+12,06-11-2015 04:17
879,218H,HAYAT NAGAR,AP11Z7137,METRO DELUX,04:38:14,1.44676E+12,06-11-2015 04:17
880,218H,HAYAT NAGAR,AP11Z7137,METRO DELUX,04:40:14,1.44676E+12,06-11-2015 04:17
881,218H,HAYAT NAGAR,AP11Z7137,METRO DELUX,04:42:14,1.44676E+12,06-11-2015 04:17
882,218H,HAYAT NAGAR,AP11Z7137,METRO DELUX,04:44:14,1.44676E+12,06-11-2015 04:17
844,218H,HAYAT NAGAR,AP11Z7137,METRO DELUX,04:20:34,1.44676E+12,06-11-2015 04:17
343,218H,HAYAT NAGAR,AP11Z7137,METRO DELUX,04:46:14,1.44676E+12,06-11-2015 04:17
345,218H,HAYAT NAGAR,AP11Z7137,METRO DELUX,04:48:14,1.44676E+12,06-11-2015 04:17
501,218H,HAYAT NAGAR,AP11Z7137,METRO DELUX,04:50:14,1.44676E+12,06-11-2015 04:17
346,218H,HAYAT NAGAR,AP11Z7137,METRO DELUX,04:52:14,1.44676E+12,06-11-2015 04:17
347,218H,HAYAT NAGAR,AP11Z7137,METRO DELUX,04:54:14,1.44676E+12,06-11-2015 04:17
469,218H,HAYAT NAGAR,AP11Z7137,METRO DELUX,04:56:14,1.44676E+12,06-11-2015 04:17
470,218H,HAYAT NAGAR,AP11Z7137,METRO DELUX,04:58:14,1.44676E+12,06-11-2015 04:17
471,218H,HAYAT NAGAR,AP11Z7137,METRO DELUX,05:00:14,1.44676E+12,06-11-2015 04:17
343,218H,HAYAT NAGAR,AP11Z7137,METRO DELUX,04:46:14,1.44676E+12,06-11-2015 04:17
345,218H,HAYAT NAGAR,AP11Z7137,METRO DELUX,04:48:14,1.44676E+12,06-11-2015 04:17
501,218H,HAYAT NAGAR,AP11Z7137,METRO DELUX,04:50:14,1.44676E+12,06-11-2015 04:17
346,218H,HAYAT NAGAR,AP11Z7137,METRO DELUX,04:52:14,1.44676E+12,06-11-2015 04:17
347,218H,HAYAT NAGAR,AP11Z7137,METRO DELUX,04:54:14,1.44676E+12,06-11-2015 04:17
470,218H,HAYAT NAGAR,AP11Z7137,METRO DELUX,04:58:14,1.44676E+12,06-11-2015 04:17
469,218H,HAYAT NAGAR,AP11Z7137,METRO DELUX,04:56:14,1.44676E+12,06-11-2015 04:17
471,218H,HAYAT NAGAR,AP11Z7137,METRO DELUX,05:00:14,1.44676E+12,06-11-2015 04:17
877,218H,HAYAT NAGAR,AP11Z7137,METRO DELUX,04:32:14,1.44676E+12,06-11-2015 04:17
1056,218H,HAYAT NAGAR,AP11Z7137,METRO DELUX,04:34:14,1.44676E+12,06-11-2015 04:17
873,218H,HAYAT NAGAR,AP11Z7137,METRO DELUX,04:24:34,1.44676E+12,06-11-2015 04:18
874,218H,HAYAT NAGAR,AP11Z7137,METRO DELUX,04:26:34,1.44676E+12,06-11-2015 04:18
876,218H,HAYAT NAGAR,AP11Z7137,METRO DELUX,04:30:34,1.44676E+12,06-11-2015 04:18
875,218H,HAYAT NAGAR,AP11Z7137,METRO DELUX,04:28:34,1.44676E+12,06-11-2015 04:18
878,218H,HAYAT NAGAR,AP11Z7137,METRO DELUX,04:36:34,1.44676E+12,06-11-2015 04:18
879,218H,HAYAT NAGAR,AP11Z7137,METRO DELUX,04:38:34,1.44676E+12,06-11-2015 04:18
880,218H,HAYAT NAGAR,AP11Z7137,METRO DELUX,04:40:34,1.44676E+12,06-11-2015 04:18
881,218H,HAYAT NAGAR,AP11Z7137,METRO DELUX,04:42:34,1.44676E+12,06-11-2015 04:18
882,218H,HAYAT NAGAR,AP11Z7137,METRO DELUX,04:44:34,1.44676E+12,06-11-2015 04:18
844,218H,HAYAT NAGAR,AP11Z7137,METRO DELUX,04:20:54,1.44676E+12,06-11-2015 04:18
343,218H,HAYAT NAGAR,AP11Z7137,METRO DELUX,04:46:44,1.44676E+12,06-11-2015 04:18
345,218H,HAYAT NAGAR,AP11Z7137,METRO DELUX,04:48:44,1.44676E+12,06-11-2015 04:18
501,218H,HAYAT NAGAR,AP11Z7137,METRO DELUX,04:50:44,1.44676E+12,06-11-2015 04:18
346,218H,HAYAT NAGAR,AP11Z7137,METRO DELUX,04:52:44,1.44676E+12,06-11-2015 04:18
347,218H,HAYAT NAGAR,AP11Z7137,METRO DELUX,04:54:44,1.44676E+12,06-11-2015 04:18
469,218H,HAYAT NAGAR,AP11Z7137,METRO DELUX,04:56:44,1.44676E+12,06-11-2015 04:18
470,218H,HAYAT NAGAR,AP11Z7137,METRO DELUX,04:58:44,1.44676E+12,06-11-2015 04:18
471,218H,HAYAT NAGAR,AP11Z7137,METRO DELUX,05:00:44,1.44676E+12,06-11-2015 04:18
877,218H,HAYAT NAGAR,AP11Z7137,METRO DELUX,04:32:29,1.44676E+12,06-11-2015 04:18
1056,218H,HAYAT NAGAR,AP11Z7137,METRO DELUX,04:34:29,1.44676E+12,06-11-2015 04:18
873,218H,HAYAT NAGAR,AP11Z7137,METRO DELUX,04:24:29,1.44676E+12,06-11-2015 04:18
874,218H,HAYAT NAGAR,AP11Z7137,METRO DELUX,04:26:29,1.44676E+12,06-11-2015 04:18
875,218H,HAYAT NAGAR,AP11Z7137,METRO DELUX,04:28:29,1.44676E+12,06-11-2015 04:18
876,218H,HAYAT NAGAR,AP11Z7137,METRO DELUX,04:30:29,1.44676E+12,06-11-2015 04:18
879,218H,HAYAT NAGAR,AP11Z7137,METRO DELUX,04:38:29,1.44676E+12,06-11-2015 04:18
878,218H,HAYAT NAGAR,AP11Z7137,METRO DELUX,04:36:29,1.44676E+12,06-11-2015 04:18
880,218H,HAYAT NAGAR,AP11Z7137,METRO DELUX,04:40:29,1.44676E+12,06-11-2015 04:18
881,218H,HAYAT NAGAR,AP11Z7137,METRO DELUX,04:42:29,1.44676E+12,06-11-2015 04:18
882,218H,HAYAT NAGAR,AP11Z7137,METRO DELUX,04:44:29,1.44676E+12,06-11-2015 04:18
844,218H,HAYAT NAGAR,AP11Z7137,METRO DELUX,04:20:49,1.44676E+12,06-11-2015 04:18
343,218H,HAYAT NAGAR,AP11Z7137,METRO DELUX,04:46:29,1.44676E+12,06-11-2015 04:18
345,218H,HAYAT NAGAR,AP11Z7137,METRO DELUX,04:48:29,1.44676E+12,06-11-2015 04:18
346,218H,HAYAT NAGAR,AP11Z7137,METRO DELUX,04:52:29,1.44676E+12,06-11-2015 04:18
501,218H,HAYAT NAGAR,AP11Z7137,METRO DELUX,04:50:29,1.44676E+12,06-11-2015 04:18
347,218H,HAYAT NAGAR,AP11Z7137,METRO DELUX,04:54:29,1.44676E+12,06-11-2015 04:18
469,218H,HAYAT NAGAR,AP11Z7137,METRO DELUX,04:56:29,1.44676E+12,06-11-2015 04:18
470,218H,HAYAT NAGAR,AP11Z7137,METRO DELUX,04:58:29,1.44676E+12,06-11-2015 04:18
471,218H,HAYAT NAGAR,AP11Z7137,METRO DELUX,05:00:29,1.44676E+12,06-11-2015 04:18
472,218H,HAYAT NAGAR,AP11Z7137,METRO DELUX,05:02:29,1.44676E+12,06-11-2015 04:18
343,218H,HAYAT NAGAR,AP11Z7137,METRO DELUX,04:46:29,1.44676E+12,06-11-2015 04:18
501,218H,HAYAT NAGAR,AP11Z7137,METRO DELUX,04:50:29,1.44676E+12,06-11-2015 04:18
345,218H,HAYAT NAGAR,AP11Z7137,METRO DELUX,04:48:29,1.44676E+12,06-11-2015 04:18
347,218H,HAYAT NAGAR,AP11Z7137,METRO DELUX,04:54:29,1.44676E+12,06-11-2015 04:18
346,218H,HAYAT NAGAR,AP11Z7137,METRO DELUX,04:52:29,1.44676E+12,06-11-2015 04:18
470,218H,HAYAT NAGAR,AP11Z7137,METRO DELUX,04:58:29,1.44676E+12,06-11-2015 04:18
469,218H,HAYAT NAGAR,AP11Z7137,METRO DELUX,04:56:29,1.44676E+12,06-11-2015 04:18
471,218H,HAYAT NAGAR,AP11Z7137,METRO DELUX,05:00:29,1.44676E+12,06-11-2015 04:18
472,218H,HAYAT NAGAR,AP11Z7137,METRO DELUX,05:02:29,1.44676E+12,06-11-2015 04:18
877,218H,HAYAT NAGAR,AP11Z7137,METRO DELUX,04:32:29,1.44676E+12,06-11-2015 04:18
1056,218H,HAYAT NAGAR,AP11Z7137,METRO DELUX,04:34:29,1.44676E+12,06-11-2015 04:18
873,218H,HAYAT NAGAR,AP11Z7137,METRO DELUX,04:24:29,1.44676E+12,06-11-2015 04:18
874,218H,HAYAT NAGAR,AP11Z7137,METRO DELUX,04:26:29,1.44676E+12,06-11-2015 04:18
875,218H,HAYAT NAGAR,AP11Z7137,METRO DELUX,04:28:29,1.44676E+12,06-11-2015 04:18
876,218H,HAYAT NAGAR,AP11Z7137,METRO DELUX,04:30:29,1.44676E+12,06-11-2015 04:18
878,218H,HAYAT NAGAR,AP11Z7137,METRO DELUX,04:36:29,1.44676E+12,06-11-2015 04:18
879,218H,HAYAT NAGAR,AP11Z7137,METRO DELUX,04:38:29,1.44676E+12,06-11-2015 04:18
880,218H,HAYAT NAGAR,AP11Z7137,METRO DELUX,04:40:29,1.44676E+12,06-11-2015 04:18
881,218H,HAYAT NAGAR,AP11Z7137,METRO DELUX,04:42:29,1.44676E+12,06-11-2015 04:18
882,218H,HAYAT NAGAR,AP11Z7137,METRO DELUX,04:44:29,1.44676E+12,06-11-2015 04:18
844,218H,HAYAT NAGAR,AP11Z7137,METRO DELUX,04:20:49,1.44676E+12,06-11-2015 04:18
343,218H,HAYAT NAGAR,AP11Z7137,METRO DELUX,04:46:59,1.44676E+12,06-11-2015 04:18
345,218H,HAYAT NAGAR,AP11Z7137,METRO DELUX,04:48:59,1.44676E+12,06-11-2015 04:18
501,218H,HAYAT NAGAR,AP11Z7137,METRO DELUX,04:50:59,1.44676E+12,06-11-2015 04:18
346,218H,HAYAT NAGAR,AP11Z7137,METRO DELUX,04:52:59,1.44676E+12,06-11-2015 04:18
347,218H,HAYAT NAGAR,AP11Z7137,METRO DELUX,04:54:59,1.44676E+12,06-11-2015 04:18
469,218H,HAYAT NAGAR,AP11Z7137,METRO DELUX,04:56:59,1.44676E+12,06-11-2015 04:18
470,218H,HAYAT NAGAR,AP11Z7137,METRO DELUX,04:58:59,1.44676E+12,06-11-2015 04:18
471,218H,HAYAT NAGAR,AP11Z7137,METRO DELUX,05:00:59,1.44676E+12,06-11-2015 04:18
472,218H,HAYAT NAGAR,AP11Z7137,METRO DELUX,05:02:59,1.44676E+12,06-11-2015 04:18
877,218H,HAYAT NAGAR,AP11Z7137,METRO DELUX,04:32:59,1.44676E+12,06-11-2015 04:18
1056,218H,HAYAT NAGAR,AP11Z7137,METRO DELUX,04:34:59,1.44676E+12,06-11-2015 04:18
343,218H,HAYAT NAGAR,AP11Z7137,METRO DELUX,04:46:59,1.44676E+12,06-11-2015 04:18
345,218H,HAYAT NAGAR,AP11Z7137,METRO DELUX,04:48:59,1.44676E+12,06-11-2015 04:18
501,218H,HAYAT NAGAR,AP11Z7137,METRO DELUX,04:50:59,1.44676E+12,06-11-2015 04:18
346,218H,HAYAT NAGAR,AP11Z7137,METRO DELUX,04:52:59,1.44676E+12,06-11-2015 04:18
347,218H,HAYAT NAGAR,AP11Z7137,METRO DELUX,04:54:59,1.44676E+12,06-11-2015 04:18
469,218H,HAYAT NAGAR,AP11Z7137,METRO DELUX,04:56:59,1.44676E+12,06-11-2015 04:18
470,218H,HAYAT NAGAR,AP11Z7137,METRO DELUX,04:58:59,1.44676E+12,06-11-2015 04:18
471,218H,HAYAT NAGAR,AP11Z7137,METRO DELUX,05:00:59,1.44676E+12,06-11-2015 04:18
472,218H,HAYAT NAGAR,AP11Z7137,METRO DELUX,05:02:59,1.44676E+12,06-11-2015 04:18
877,218H,HAYAT NAGAR,AP11Z7137,METRO DELUX,04:32:59,1.44676E+12,06-11-2015 04:18
1056,218H,HAYAT NAGAR,AP11Z7137,METRO DELUX,04:34:59,1.44676E+12,06-11-2015 04:18
873,218H,HAYAT NAGAR,AP11Z7137,METRO DELUX,04:25:09,1.44676E+12,06-11-2015 04:19
874,218H,HAYAT NAGAR,AP11Z7137,METRO DELUX,04:27:09,1.44676E+12,06-11-2015 04:19
876,218H,HAYAT NAGAR,AP11Z7137,METRO DELUX,04:31:09,1.44676E+12,06-11-2015 04:19
875,218H,HAYAT NAGAR,AP11Z7137,METRO DELUX,04:29:09,1.44676E+12,06-11-2015 04:19
878,218H,HAYAT NAGAR,AP11Z7137,METRO DELUX,04:37:09,1.44676E+12,06-11-2015 04:19
879,218H,HAYAT NAGAR,AP11Z7137,METRO DELUX,04:39:09,1.44676E+12,06-11-2015 04:19
880,218H,HAYAT NAGAR,AP11Z7137,METRO DELUX,04:41:09,1.44676E+12,06-11-2015 04:19
882,218H,HAYAT NAGAR,AP11Z7137,METRO DELUX,04:45:09,1.44676E+12,06-11-2015 04:19
881,218H,HAYAT NAGAR,AP11Z7137,METRO DELUX,04:43:09,1.44676E+12,06-11-2015 04:19
844,218H,HAYAT NAGAR,AP11Z7137,METRO DELUX,04:21:29,1.44676E+12,06-11-2015 04:19
343,218H,HAYAT NAGAR,AP11Z7137,METRO DELUX,04:46:19,1.44676E+12,06-11-2015 04:19
345,218H,HAYAT NAGAR,AP11Z7137,METRO DELUX,04:48:19,1.44676E+12,06-11-2015 04:19
501,218H,HAYAT NAGAR,AP11Z7137,METRO DELUX,04:50:19,1.44676E+12,06-11-2015 04:19
346,218H,HAYAT NAGAR,AP11Z7137,METRO DELUX,04:52:19,1.44676E+12,06-11-2015 04:19
347,218H,HAYAT NAGAR,AP11Z7137,METRO DELUX,04:54:19,1.44676E+12,06-11-2015 04:19
470,218H,HAYAT NAGAR,AP11Z7137,METRO DELUX,04:58:19,1.44676E+12,06-11-2015 04:19
469,218H,HAYAT NAGAR,AP11Z7137,METRO DELUX,04:56:19,1.44676E+12,06-11-2015 04:19
472,218H,HAYAT NAGAR,AP11Z7137,METRO DELUX,05:02:19,1.44676E+12,06-11-2015 04:19
471,218H,HAYAT NAGAR,AP11Z7137,METRO DELUX,05:00:19,1.44676E+12,06-11-2015 04:19
343,218H,HAYAT NAGAR,AP11Z7137,METRO DELUX,04:46:19,1.44676E+12,06-11-2015 04:19
345,218H,HAYAT NAGAR,AP11Z7137,METRO DELUX,04:48:19,1.44676E+12,06-11-2015 04:19
501,218H,HAYAT NAGAR,AP11Z7137,METRO DELUX,04:50:19,1.44676E+12,06-11-2015 04:19
346,218H,HAYAT NAGAR,AP11Z7137,METRO DELUX,04:52:19,1.44676E+12,06-11-2015 04:19
347,218H,HAYAT NAGAR,AP11Z7137,METRO DELUX,04:54:19,1.44676E+12,06-11-2015 04:19
469,218H,HAYAT NAGAR,AP11Z7137,METRO DELUX,04:56:19,1.44676E+12,06-11-2015 04:19
470,218H,HAYAT NAGAR,AP11Z7137,METRO DELUX,04:58:19,1.44676E+12,06-11-2015 04:19
471,218H,HAYAT NAGAR,AP11Z7137,METRO DELUX,05:00:19,1.44676E+12,06-11-2015 04:19
472,218H,HAYAT NAGAR,AP11Z7137,METRO DELUX,05:02:19,1.44676E+12,06-11-2015 04:19
877,218H,HAYAT NAGAR,AP11Z7137,METRO DELUX,04:32:29,1.44676E+12,06-11-2015 04:19
1056,218H,HAYAT NAGAR,AP11Z7137,METRO DELUX,04:34:29,1.44676E+12,06-11-2015 04:19
873,218H,HAYAT NAGAR,AP11Z7137,METRO DELUX,04:24:29,1.44676E+12,06-11-2015 04:19
874,218H,HAYAT NAGAR,AP11Z7137,METRO DELUX,04:26:29,1.44676E+12,06-11-2015 04:19
875,218H,HAYAT NAGAR,AP11Z7137,METRO DELUX,04:28:29,1.44676E+12,06-11-2015 04:19
879,218H,HAYAT NAGAR,AP11Z7137,METRO DELUX,04:38:29,1.44676E+12,06-11-2015 04:19
876,218H,HAYAT NAGAR,AP11Z7137,METRO DELUX,04:30:29,1.44676E+12,06-11-2015 04:19
878,218H,HAYAT NAGAR,AP11Z7137,METRO DELUX,04:36:29,1.44676E+12,06-11-2015 04:19
882,218H,HAYAT NAGAR,AP11Z7137,METRO DELUX,04:44:29,1.44676E+12,06-11-2015 04:19
880,218H,HAYAT NAGAR,AP11Z7137,METRO DELUX,04:40:29,1.44676E+12,06-11-2015 04:19
881,218H,HAYAT NAGAR,AP11Z7137,METRO DELUX,04:42:29,1.44676E+12,06-11-2015 04:19
844,218H,HAYAT NAGAR,AP11Z7137,METRO DELUX,04:20:49,1.44676E+12,06-11-2015 04:19
343,218H,HAYAT NAGAR,AP11Z7137,METRO DELUX,04:46:39,1.44676E+12,06-11-2015 04:19
345,218H,HAYAT NAGAR,AP11Z7137,METRO DELUX,04:48:39,1.44676E+12,06-11-2015 04:19
501,218H,HAYAT NAGAR,AP11Z7137,METRO DELUX,04:50:39,1.44676E+12,06-11-2015 04:19
346,218H,HAYAT NAGAR,AP11Z7137,METRO DELUX,04:52:39,1.44676E+12,06-11-2015 04:19
347,218H,HAYAT NAGAR,AP11Z7137,METRO DELUX,04:54:39,1.44676E+12,06-11-2015 04:19
469,218H,HAYAT NAGAR,AP11Z7137,METRO DELUX,04:56:39,1.44676E+12,06-11-2015 04:19
470,218H,HAYAT NAGAR,AP11Z7137,METRO DELUX,04:58:39,1.44676E+12,06-11-2015 04:19
471,218H,HAYAT NAGAR,AP11Z7137,METRO DELUX,05:00:39,1.44676E+12,06-11-2015 04:19
472,218H,HAYAT NAGAR,AP11Z7137,METRO DELUX,05:02:39,1.44676E+12,06-11-2015 04:19
877,218H,HAYAT NAGAR,AP11Z7137,METRO DELUX,04:32:39,1.44676E+12,06-11-2015 04:19
1056,218H,HAYAT NAGAR,AP11Z7137,METRO DELUX,04:34:39,1.44676E+12,06-11-2015 04:19
873,218H,HAYAT NAGAR,AP11Z7137,METRO DELUX,04:24:39,1.44676E+12,06-11-2015 04:19
875,218H,HAYAT NAGAR,AP11Z7137,METRO DELUX,04:28:39,1.44676E+12,06-11-2015 04:19
874,218H,HAYAT NAGAR,AP11Z7137,METRO DELUX,04:26:39,1.44676E+12,06-11-2015 04:19
876,218H,HAYAT NAGAR,AP11Z7137,METRO DELUX,04:30:39,1.44676E+12,06-11-2015 04:19
878,218H,HAYAT NAGAR,AP11Z7137,METRO DELUX,04:36:39,1.44676E+12,06-11-2015 04:19
879,218H,HAYAT NAGAR,AP11Z7137,METRO DELUX,04:38:39,1.44676E+12,06-11-2015 04:19
880,218H,HAYAT NAGAR,AP11Z7137,METRO DELUX,04:40:39,1.44676E+12,06-11-2015 04:19
881,218H,HAYAT NAGAR,AP11Z7137,METRO DELUX,04:42:39,1.44676E+12,06-11-2015 04:19
882,218H,HAYAT NAGAR,AP11Z7137,METRO DELUX,04:44:39,1.44676E+12,06-11-2015 04:19
844,218H,HAYAT NAGAR,AP11Z7137,METRO DELUX,04:21:09,1.44676E+12,06-11-2015 04:19
343,218H,HAYAT NAGAR,AP11Z7137,METRO DELUX,04:46:59,1.44676E+12,06-11-2015 04:19
501,218H,HAYAT NAGAR,AP11Z7137,METRO DELUX,04:50:59,1.44676E+12,06-11-2015 04:19
345,218H,HAYAT NAGAR,AP11Z7137,METRO DELUX,04:48:59,1.44676E+12,06-11-2015 04:19
346,218H,HAYAT NAGAR,AP11Z7137,METRO DELUX,04:52:59,1.44676E+12,06-11-2015 04:19
347,218H,HAYAT NAGAR,AP11Z7137,METRO DELUX,04:54:59,1.44676E+12,06-11-2015 04:19
469,218H,HAYAT NAGAR,AP11Z7137,METRO DELUX,04:56:59,1.44676E+12,06-11-2015 04:19
470,218H,HAYAT NAGAR,AP11Z7137,METRO DELUX,04:58:59,1.44676E+12,06-11-2015 04:19
471,218H,HAYAT NAGAR,AP11Z7137,METRO DELUX,05:00:59,1.44676E+12,06-11-2015 04:19
343,218H,HAYAT NAGAR,AP11Z7137,METRO DELUX,04:46:59,1.44676E+12,06-11-2015 04:19
345,218H,HAYAT NAGAR,AP11Z7137,METRO DELUX,04:48:59,1.44676E+12,06-11-2015 04:19
501,218H,HAYAT NAGAR,AP11Z7137,METRO DELUX,04:50:59,1.44676E+12,06-11-2015 04:19
346,218H,HAYAT NAGAR,AP11Z7137,METRO DELUX,04:52:59,1.44676E+12,06-11-2015 04:19
347,218H,HAYAT NAGAR,AP11Z7137,METRO DELUX,04:54:59,1.44676E+12,06-11-2015 04:19
469,218H,HAYAT NAGAR,AP11Z7137,METRO DELUX,04:56:59,1.44676E+12,06-11-2015 04:19
471,218H,HAYAT NAGAR,AP11Z7137,METRO DELUX,05:00:59,1.44676E+12,06-11-2015 04:19
470,218H,HAYAT NAGAR,AP11Z7137,METRO DELUX,04:58:59,1.44676E+12,06-11-2015 04:19
472,218H,HAYAT NAGAR,AP11Z7137,METRO DELUX,05:02:59,1.44676E+12,06-11-2015 04:19
877,218H,HAYAT NAGAR,AP11Z7137,METRO DELUX,04:32:59,1.44676E+12,06-11-2015 04:19
1056,218H,HAYAT NAGAR,AP11Z7137,METRO DELUX,04:34:59,1.44676E+12,06-11-2015 04:19
874,218H,HAYAT NAGAR,AP11Z7137,METRO DELUX,04:27:09,1.44676E+12,06-11-2015 04:20
875,218H,HAYAT NAGAR,AP11Z7137,METRO DELUX,04:29:09,1.44676E+12,06-11-2015 04:20
873,218H,HAYAT NAGAR,AP11Z7137,METRO DELUX,04:25:09,1.44676E+12,06-11-2015 04:20
876,218H,HAYAT NAGAR,AP11Z7137,METRO DELUX,04:31:09,1.44676E+12,06-11-2015 04:20
878,218H,HAYAT NAGAR,AP11Z7137,METRO DELUX,04:37:09,1.44676E+12,06-11-2015 04:20
879,218H,HAYAT NAGAR,AP11Z7137,METRO DELUX,04:39:09,1.44676E+12,06-11-2015 04:20
880,218H,HAYAT NAGAR,AP11Z7137,METRO DELUX,04:41:09,1.44676E+12,06-11-2015 04:20
881,218H,HAYAT NAGAR,AP11Z7137,METRO DELUX,04:43:09,1.44676E+12,06-11-2015 04:20
882,218H,HAYAT NAGAR,AP11Z7137,METRO DELUX,04:45:09,1.44676E+12,06-11-2015 04:20
844,218H,HAYAT NAGAR,AP11Z7137,METRO DELUX,04:21:29,1.44676E+12,06-11-2015 04:20
343,218H,HAYAT NAGAR,AP11Z7137,METRO DELUX,04:47:19,1.44676E+12,06-11-2015 04:20
345,218H,HAYAT NAGAR,AP11Z7137,METRO DELUX,04:49:19,1.44676E+12,06-11-2015 04:20
501,218H,HAYAT NAGAR,AP11Z7137,METRO DELUX,04:51:19,1.44676E+12,06-11-2015 04:20
